,Name,Prices,Review
0,Farm stay in Bengaluru,"₹21,298 night₹21,298 per night",New place to stayNew
1,Villa in Bengaluru,"₹2,579 night₹2,579 per night","5.0 out of 5 average rating,  14 reviews5.0 (14)"
2,Guest suite in Bengaluru,"₹5,705 night₹5,705 per night","4.87 out of 5 average rating,  317 reviews4.87 (317)"
3,Farm stay in Belathur,"₹3,600 night₹3,600 per night","4.92 out of 5 average rating,  25 reviews4.92 (25)"
4,Cabin in Bengaluru,"₹8,153 night₹8,153 per night","4.91 out of 5 average rating,  92 reviews4.91 (92)"
5,Loft in Bengaluru,"₹3,994 night₹3,994 per night","5.0 out of 5 average rating,  21 reviews5.0 (21)"
6,Home in Bengaluru,"₹11,768 night₹11,768 per night","5.0 out of 5 average rating,  23 reviews5.0 (23)"
7,Flat in Bengaluru,"₹5,164 night₹5,164 per night","4.87 out of 5 average rating,  141 reviews4.87 (141)"
8,Hotel in Bengaluru,"₹1,083 night₹1,083 per night",New place to stayNew
9,Farm stay in Bengaluru,"₹14,151 night₹14,151 per night","4.76 out of 5 average rating,  34 reviews4.76 (34)"
10,Room in Bengaluru,"₹4,034 night₹4,034 per night","5.0 out of 5 average rating,  38 reviews5.0 (38)"
11,Apartment in Bengaluru,"₹2,679 night₹2,679 per night","4.73 out of 5 average rating,  78 reviews4.73 (78)"
12,Flat in Bengaluru,"₹2,328 night₹2,328 per night","5.0 out of 5 average rating,  6 reviews5.0 (6)"
13,Flat in Bengaluru,"₹5,403 night₹5,403 per night","4.88 out of 5 average rating,  51 reviews4.88 (51)"
14,Flat in Bengaluru,"₹9,092 night₹9,092 per night","4.91 out of 5 average rating,  44 reviews4.91 (44)"
15,Earthen home in Bengaluru,"₹5,506 night₹5,506 per night","4.82 out of 5 average rating,  190 reviews4.82 (190)"
16,Flat in Bengaluru,"₹3,600 night₹3,600 per night","5.0 out of 5 average rating,  6 reviews5.0 (6)"
17,Flat in Bengaluru,"₹4,206 ₹3,780 night₹3,780 per night, originally ₹4,206","4.88 out of 5 average rating,  66 reviews4.88 (66)"
18,Farm stay in Boppalapuram,"₹5,349 night₹5,349 per night","4.92 out of 5 average rating,  130 reviews4.92 (130)"
19,Flat in Bengaluru,"₹2,739 night₹2,739 per night","5.0 out of 5 average rating,  4 reviews5.0 (4)"
20,Shared hotel room in Bengaluru,"₹970 ₹796 night₹796 per night, originally ₹970",New place to stayNew
21,Flat in Bengaluru,"₹5,164 night₹5,164 per night","4.94 out of 5 average rating,  67 reviews4.94 (67)"
22,Flat in Bengaluru,"₹3,195 night₹3,195 per night","4.78 out of 5 average rating,  9 reviews4.78 (9)"
23,Flat in Bengaluru,"₹3,775 night₹3,775 per night","4.88 out of 5 average rating,  40 reviews4.88 (40)"
24,Apartment in Bengaluru,"₹3,582 night₹3,582 per night","4.81 out of 5 average rating,  80 reviews4.81 (80)"
25,Home in Bengaluru,"₹4,302 night₹4,302 per night","4.84 out of 5 average rating,  94 reviews4.84 (94)"
26,Flat in Bengaluru,"₹1,563 ₹1,283 night₹1,283 per night, originally ₹1,563",New place to stayNew
27,Flat in Bengaluru,"₹3,207 night₹3,207 per night","4.87 out of 5 average rating,  105 reviews4.87 (105)"
28,Room in Bengaluru,"₹2,053 night₹2,053 per night","4.87 out of 5 average rating,  61 reviews4.87 (61)"
29,Hotel in Bengaluru,"₹1,678 night₹1,678 per night","5.0 out of 5 average rating,  6 reviews5.0 (6)"
30,Flat in Bengaluru,"₹3,424 night₹3,424 per night","4.91 out of 5 average rating,  82 reviews4.91 (82)"
31,Apartment in Bengaluru,"₹3,887 night₹3,887 per night","4.96 out of 5 average rating,  24 reviews4.96 (24)"
32,Flat in Bengaluru,"₹1,894 night₹1,894 per night","5.0 out of 5 average rating,  5 reviews5.0 (5)"
33,Room in Bangalore,"₹1,363 night₹1,363 per night","5.0 out of 5 average rating,  28 reviews5.0 (28)"
34,Flat in Bengaluru,"₹2,350 night₹2,350 per night","4.8 out of 5 average rating,  5 reviews4.8 (5)"
35,Flat in Bengaluru,"₹1,496 night₹1,496 per night","4.95 out of 5 average rating,  19 reviews4.95 (19)"
36,Flat in Bengaluru,"₹1,496 night₹1,496 per night","4.95 out of 5 average rating,  19 reviews4.95 (19)"
37,Room in Bengaluru,"₹1,528 night₹1,528 per night","5.0 out of 5 average rating,  8 reviews5.0 (8)"
38,Room in Bengaluru,"₹1,027 night₹1,027 per night","4.87 out of 5 average rating,  53 reviews4.87 (53)"
39,Flat in Bengaluru,"₹1,542 night₹1,542 per night","4.97 out of 5 average rating,  31 reviews4.97 (31)"
40,Home in Bengaluru,"₹1,130 night₹1,130 per night","4.92 out of 5 average rating,  13 reviews4.92 (13)"
41,Flat in Bengaluru,"₹1,140 night₹1,140 per night",New place to stayNew
42,Flat in Bengaluru,"₹1,563 ₹1,283 night₹1,283 per night, originally ₹1,563",New place to stayNew
43,Apartment in Bengaluru,"₹2,381 night₹2,381 per night","4.86 out of 5 average rating,  7 reviews4.86 (7)"
44,Farm stay in Bidadi,"₹17,118 night₹17,118 per night","4.89 out of 5 average rating,  28 reviews4.89 (28)"
45,Home in Bengaluru,"₹1,940 night₹1,940 per night","4.92 out of 5 average rating,  25 reviews4.92 (25)"
46,Flat in Bengaluru,"₹1,140 night₹1,140 per night","4.65 out of 5 average rating,  17 reviews4.65 (17)"
47,Flat in Bengaluru,"₹3,160 ₹2,528 night₹2,528 per night, originally ₹3,160 ",New place to stayNew
48,Flat in Bengaluru,"₹1,140 night₹1,140 per night","4.8 out of 5 average rating,  20 reviews4.8 (20)"
49,Apartment in Bangalore,"₹2,095 ₹1,291 night₹1,291 per night, originally ₹2,095 ","4.92 out of 5 average rating,  105 reviews4.92 (105)"
50,Farm stay in Marsur,"₹13,600 night₹13,600 per night","4.93 out of 5 average rating,  30 reviews4.93 (30)"
51,Flat in Bengaluru,"₹6,291 night₹6,291 per night","4.95 out of 5 average rating,  58 reviews4.95 (58)"
52,Flat in Bengaluru,"₹1,403 ₹1,215 night₹1,215 per night, originally ₹1,403","4.85 out of 5 average rating,  26 reviews4.85 (26)"
53,Home in Bengaluru,"₹26,818 night₹26,818 per night","5.0 out of 5 average rating,  12 reviews5.0 (12)"
54,Home in Bengaluru,"₹26,818 night₹26,818 per night","5.0 out of 5 average rating,  12 reviews5.0 (12)"
55,Apartment in Gandhi Nagar,"₹19,699 night₹19,699 per night","4.96 out of 5 average rating,  57 reviews4.96 (57)"
56,Flat in Bengaluru,"₹1,386 night₹1,386 per night","4.76 out of 5 average rating,  25 reviews4.76 (25)"
57,Flat in Vasanth Nagar,"₹5,135 night₹5,135 per night","4.95 out of 5 average rating,  74 reviews4.95 (74)"
58,Cottage in Bengaluru,"₹3,000 night₹3,000 per night","4.71 out of 5 average rating,  116 reviews4.71 (116)"
59,Villa in Jalahalli,"₹8,329 night₹8,329 per night","4.94 out of 5 average rating,  129 reviews4.94 (129)"
60,Apartment in Bengaluru,"₹2,228 ₹1,828 night₹1,828 per night, originally ₹2,228",New place to stayNew
61,Flat in Sanjay Nagar,"₹2,519 night₹2,519 per night","4.92 out of 5 average rating,  13 reviews4.92 (13)"
62,Flat in Bengaluru,"₹4,573 night₹4,573 per night",New place to stayNew
63,Flat in Bengaluru,"₹1,563 ₹1,283 night₹1,283 per night, originally ₹1,563",New place to stayNew
64,Flat in Bengaluru,"₹1,140 night₹1,140 per night","4.19 out of 5 average rating,  21 reviews4.19 (21)"
65,Flat in Bengaluru,"₹3,200 ₹2,560 night₹2,560 per night, originally ₹3,200",New place to stayNew
66,Flat in Bengaluru,"₹6,619 night₹6,619 per night","5.0 out of 5 average rating,  8 reviews5.0 (8)"
67,Home in Bengaluru,"₹1,598 night₹1,598 per night",New place to stayNew
68,Place to stay in Sanjay Nagar,"₹4,679 night₹4,679 per night","4.94 out of 5 average rating,  34 reviews4.94 (34)"
69,Room in Bengaluru,"₹1,364 night₹1,364 per night","5.0 out of 5 average rating,  32 reviews5.0 (32)"
70,Flat in Padmanabha Nagar,"₹3,792 night₹3,792 per night","5.0 out of 5 average rating,  33 reviews5.0 (33)"
71,Home in Sanjay Nagar,"₹6,474 night₹6,474 per night","4.75 out of 5 average rating,  24 reviews4.75 (24)"
72,Room in Bengaluru,"₹1,364 night₹1,364 per night","5.0 out of 5 average rating,  32 reviews5.0 (32)"
73,Flat in Bengaluru,"₹3,792 night₹3,792 per night","5.0 out of 5 average rating,  33 reviews5.0 (33)"
74,Home in Bengaluru,"₹6,474 night₹6,474 per night","4.75 out of 5 average rating,  24 reviews4.75 (24)"
75,Flat in Bengaluru,"₹1,473 night₹1,473 per night","4.91 out of 5 average rating,  23 reviews4.91 (23)"
76,Guest suite in Bengaluru,"₹4,232 night₹4,232 per night","5.0 out of 5 average rating,  14 reviews5.0 (14)"
77,Apartment in Bengaluru,"₹11,982 night₹11,982 per night","5.0 out of 5 average rating,  5 reviews5.0 (5)"
78,Home in Bengaluru,"₹11,286 night₹11,286 per night","4.87 out of 5 average rating,  62 reviews4.87 (62)"
79,Guest suite in Alakabelalu,"₹4,005 night₹4,005 per night","4.85 out of 5 average rating,  172 reviews4.85 (172)"
80,Place to stay in Bengaluru,"₹4,800 night₹4,800 per night","4.94 out of 5 average rating,  63 reviews4.94 (63)"
81,Apartment in Bengaluru,"₹2,593 night₹2,593 per night","4.91 out of 5 average rating,  53 reviews4.91 (53)"
82,Room in Bengaluru,"₹1,584 night₹1,584 per night","4.68 out of 5 average rating,  37 reviews4.68 (37)"
83,Flat in Bengaluru,"₹2,679 night₹2,679 per night","4.82 out of 5 average rating,  60 reviews4.82 (60)"
84,Flat in Bengaluru,"₹1,563 ₹1,283 night₹1,283 per night, originally ₹1,563",New place to stayNew
85,Flat in Bengaluru,"₹5,364 night₹5,364 per night","4.95 out of 5 average rating,  147 reviews4.95 (147)"
86,Flat in Bengaluru,"₹1,999 night₹1,999 per night","4.71 out of 5 average rating,  14 reviews4.71 (14)"
87,Home in Bengaluru,"₹2,178 night₹2,178 per night","5.0 out of 5 average rating,  6 reviews5.0 (6)"
88,Villa in Bengaluru,"₹5,492 night₹5,492 per night","4.9 out of 5 average rating,  93 reviews4.9 (93)"
89,Home in Bengaluru,"₹4,279 night₹4,279 per night","4.86 out of 5 average rating,  220 reviews4.86 (220)"
90,Home in Bengaluru,"₹2,168 night₹2,168 per night","4.79 out of 5 average rating,  29 reviews4.79 (29)"
91,Flat in Bengaluru,"₹2,967 night₹2,967 per night","4.82 out of 5 average rating,  82 reviews4.82 (82)"
92,Apartment in Bengaluru,"₹2,381 night₹2,381 per night","4.75 out of 5 average rating,  4 reviews4.75 (4)"
93,Room in Bengaluru,"₹4,076 night₹4,076 per night","4.83 out of 5 average rating,  47 reviews4.83 (47)"
94,Home in Bengaluru,"₹2,057 night₹2,057 per night","5.0 out of 5 average rating,  3 reviews5.0 (3)"
95,Guest suite in Bengaluru,"₹2,978 night₹2,978 per night","4.81 out of 5 average rating,  339 reviews4.81 (339)"
96,Apartment in Banaswadi,"₹4,480 night₹4,480 per night","4.91 out of 5 average rating,  22 reviews4.91 (22)"
97,Home in Domlur,"₹7,155 night₹7,155 per night","5.0 out of 5 average rating,  36 reviews5.0 (36)"
98,Home in Bengaluru,"₹1,218 ₹1,055 night₹1,055 per night, originally ₹1,218","4.95 out of 5 average rating,  38 reviews4.95 (38)"
99,Flat in Richmond Town,"₹3,309 night₹3,309 per night","4.85 out of 5 average rating,  20 reviews4.85 (20)"
100,Flat in Bengaluru,"₹2,137 ₹1,753 night₹1,753 per night, originally ₹2,137","5.0 out of 5 average rating,  8 reviews5.0 (8)"
101,Flat in Bengaluru,"₹3,130 night₹3,130 per night",New place to stayNew
102,Apartment in Whitefield,"₹4,015 night₹4,015 per night","4.96 out of 5 average rating,  25 reviews4.96 (25)"
103,Apartment in Bengaluru,"₹1,918 night₹1,918 per night","4.87 out of 5 average rating,  97 reviews4.87 (97)"
104,Flat in Koramangala,"₹4,188 ₹3,498 night₹3,498 per night, originally ₹4,188","4.76 out of 5 average rating,  37 reviews4.76 (37)"
105,Flat in Bengaluru,"₹1,563 ₹1,283 night₹1,283 per night, originally ₹1,563",New place to stayNew
106,Farm stay in Bengaluru,"₹15,954 night₹15,954 per night",New place to stayNew
107,Home in Bengaluru,"₹1,116 ₹967 night₹967 per night, originally ₹1,116","4.86 out of 5 average rating,  22 reviews4.86 (22)"
108,Place to stay in Bengaluru,"₹1,582 night₹1,582 per night","4.53 out of 5 average rating,  15 reviews4.53 (15)"
109,Flat in Madivala,"₹1,826 night₹1,826 per night","4.8 out of 5 average rating,  5 reviews4.8 (5)"
110,Apartment in Vasanth Nagar,"₹5,877 night₹5,877 per night","4.93 out of 5 average rating,  43 reviews4.93 (43)"
111,Flat in Jayanagar,"₹11,811 night₹11,811 per night","4.91 out of 5 average rating,  11 reviews4.91 (11)"
112,Flat in Whitefield,"₹1,969 night₹1,969 per night",New place to stayNew
113,Home in Bengaluru,"₹1,868 night₹1,868 per night","4.74 out of 5 average rating,  19 reviews4.74 (19)"
114,Farm stay in Bengaluru,"₹2,568 night₹2,568 per night","4.92 out of 5 average rating,  52 reviews4.92 (52)"
115,Flat in Bengaluru,"₹2,289 night₹2,289 per night","4.63 out of 5 average rating,  8 reviews4.63 (8)"
116,Home in Bengaluru,"₹1,472 night₹1,472 per night","5.0 out of 5 average rating,  6 reviews5.0 (6)"
117,Home in Bengaluru,"₹13,708 night₹13,708 per night","5.0 out of 5 average rating,  17 reviews5.0 (17)"
118,Flat in Bengaluru,"₹2,454 night₹2,454 per night",New place to stayNew
119,Earthen home in Bengaluru,"₹3,435 night₹3,435 per night","5.0 out of 5 average rating,  5 reviews5.0 (5)"
120,Flat in Koramangala,"₹2,662 night₹2,662 per night","4.87 out of 5 average rating,  45 reviews4.87 (45)"
121,Apartment in Bengaluru,"₹2,518 night₹2,518 per night","5.0 out of 5 average rating,  5 reviews5.0 (5)"
122,Room in Jeevan Bhima Nagar,"₹1,267 night₹1,267 per night","4.92 out of 5 average rating,  24 reviews4.92 (24)"
123,Guest suite in Mathikere,"₹1,608 night₹1,608 per night","4.58 out of 5 average rating,  38 reviews4.58 (38)"
124,Apartment in Bengaluru,"₹4,754 night₹4,754 per night","4.92 out of 5 average rating,  12 reviews4.92 (12)"
125,Hotel in Bengaluru,"₹2,653 night₹2,653 per night",New place to stayNew
126,Flat in Bengaluru,"₹1,563 ₹1,283 night₹1,283 per night, originally ₹1,563",New place to stayNew
127,Earthen home in Bengaluru,"₹3,435 night₹3,435 per night","5.0 out of 5 average rating,  5 reviews5.0 (5)"
128,Flat in Bengaluru,"₹2,662 night₹2,662 per night","4.87 out of 5 average rating,  45 reviews4.87 (45)"
129,Flat in Bengaluru,"₹2,533 night₹2,533 per night",New place to stayNew
130,Apartment in Bengaluru,"₹2,518 night₹2,518 per night","5.0 out of 5 average rating,  5 reviews5.0 (5)"
131,Place to stay in Bengaluru,"₹2,950 night₹2,950 per night","5.0 out of 5 average rating,  17 reviews5.0 (17)"
132,Room in Bengaluru,"₹1,267 night₹1,267 per night","4.92 out of 5 average rating,  24 reviews4.92 (24)"
133,Apartment in Bengaluru,"₹4,754 night₹4,754 per night","4.92 out of 5 average rating,  12 reviews4.92 (12)"
134,Hotel in Bengaluru,"₹2,653 night₹2,653 per night",New place to stayNew
135,Bed and breakfast in Bengaluru,"₹2,282 night₹2,282 per night","4.72 out of 5 average rating,  18 reviews4.72 (18)"
136,Villa in Anekal,"₹1,719 night₹1,719 per night",
137,Flat in Bengaluru,"₹2,571 ₹2,145 night₹2,145 per night, originally ₹2,571","4.74 out of 5 average rating,  38 reviews4.74 (38)"
138,Apartment in Bengaluru,"₹6,284 night₹6,284 per night","4.94 out of 5 average rating,  72 reviews4.94 (72)"
139,Flat in Bengaluru,"₹7,499 night₹7,499 per night","5.0 out of 5 average rating,  6 reviews5.0 (6)"
140,Room in Bengaluru,"₹1,438 night₹1,438 per night",
141,Flat in Bengaluru,"₹3,262 night₹3,262 per night","4.86 out of 5 average rating,  28 reviews4.86 (28)"
142,Flat in Kothnur,"₹1,825 night₹1,825 per night",New place to stayNew
143,Flat in Bengaluru,"₹1,372 night₹1,372 per night","4.87 out of 5 average rating,  52 reviews4.87 (52)"
144,Flat in Bengaluru,"₹2,289 night₹2,289 per night","4.63 out of 5 average rating,  8 reviews4.63 (8)"
145,Home in Bengaluru,"₹1,472 night₹1,472 per night","5.0 out of 5 average rating,  6 reviews5.0 (6)"
146,Home in Bengaluru,"₹13,708 night₹13,708 per night","5.0 out of 5 average rating,  17 reviews5.0 (17)"
147,Flat in Bengaluru,"₹2,454 night₹2,454 per night",New place to stayNew
148,Earthen home in Bengaluru,"₹3,435 night₹3,435 per night","5.0 out of 5 average rating,  5 reviews5.0 (5)"
149,Flat in Bengaluru,"₹2,662 night₹2,662 per night","4.87 out of 5 average rating,  45 reviews4.87 (45)"
150,Earthen home in Bangalore,"₹1,986 night₹1,986 per night","4.96 out of 5 average rating,  45 reviews4.96 (45)"
151,Flat in Bengaluru,"₹2,533 night₹2,533 per night",New place to stayNew
152,Flat in Bengaluru,"₹1,499 night₹1,499 per night","4.71 out of 5 average rating,  7 reviews4.71 (7)"
153,Flat in Bengaluru,"₹3,725 night₹3,725 per night","4.97 out of 5 average rating,  116 reviews4.97 (116)"
154,Apartment in Bengaluru,"₹2,518 night₹2,518 per night","5.0 out of 5 average rating,  5 reviews5.0 (5)"
155,Place to stay in Bengaluru,"₹2,950 night₹2,950 per night","5.0 out of 5 average rating,  17 reviews5.0 (17)"
156,Room in Bengaluru,"₹1,267 night₹1,267 per night","4.92 out of 5 average rating,  24 reviews4.92 (24)"
157,Flat in Bengaluru,"₹1,999 night₹1,999 per night","4.91 out of 5 average rating,  11 reviews4.91 (11)"
158,Flat in Bengaluru,"₹1,563 ₹1,283 night₹1,283 per night, originally ₹1,563",New place to stayNew
159,Apartment in Bengaluru,"₹4,754 night₹4,754 per night","4.92 out of 5 average rating,  12 reviews4.92 (12)"
160,Bed and breakfast in Bengaluru,"₹2,282 night₹2,282 per night","4.72 out of 5 average rating,  18 reviews4.72 (18)"
161,Villa in Anekal,"₹1,719 night₹1,719 per night",
162,Villa in Kelavarapalli,"₹14,676 ₹11,753 night₹11,753 per night, originally ₹14,676","4.76 out of 5 average rating,  25 reviews4.76 (25)"
163,Flat in Bengaluru,"₹2,958 night₹2,958 per night","4.91 out of 5 average rating,  32 reviews4.91 (32)"
164,Apartment in Bengaluru,"₹5,135 night₹5,135 per night","4.97 out of 5 average rating,  65 reviews4.97 (65)"
165,Flat in Bengaluru,"₹2,800 night₹2,800 per night","4.76 out of 5 average rating,  179 reviews4.76 (179)"
166,Home in Bengaluru,"₹2,231 ₹1,830 night₹1,830 per night, originally ₹2,231",New place to stayNew
167,Flat in Bengaluru,"₹1,140 night₹1,140 per night",New place to stayNew
168,Flat in Bengaluru,"₹1,563 ₹1,283 night₹1,283 per night, originally ₹1,563",New place to stayNew
169,Flat in Bengaluru,"₹2,511 night₹2,511 per night","4.64 out of 5 average rating,  86 reviews4.64 (86)"
170,Flat in Bengaluru,"₹2,624 night₹2,624 per night","5.0 out of 5 average rating,  10 reviews5.0 (10)"
171,Farm stay in Bengaluru Urban,"₹4,776 ₹2,145 night₹2,145 per night, originally ₹4,776","4.9 out of 5 average rating,  39 reviews4.9 (39)"
172,Apartment in Bengaluru,"₹3,625 night₹3,625 per night","4.96 out of 5 average rating,  25 reviews4.96 (25)"
173,Flat in Bengaluru,"₹1,140 night₹1,140 per night",New place to stayNew
174,Apartment in Bengaluru,"₹8,502 night₹8,502 per night","4.74 out of 5 average rating,  38 reviews4.74 (38)"
175,Flat in Bengaluru,"₹4,250 night₹4,250 per night","4.81 out of 5 average rating,  16 reviews4.81 (16)"
176,Flat in Bengaluru,"₹2,178 night₹2,178 per night","4.91 out of 5 average rating,  137 reviews4.91 (137)"
177,Flat in Bengaluru,"₹5,468 night₹5,468 per night","4.94 out of 5 average rating,  35 reviews4.94 (35)"
178,Apartment in Bengaluru,"₹5,846 night₹5,846 per night","4.74 out of 5 average rating,  65 reviews4.74 (65)"
179,Flat in Bengaluru,"₹4,227 night₹4,227 per night","4.92 out of 5 average rating,  25 reviews4.92 (25)"
180,Apartment in Bengaluru,"₹5,846 night₹5,846 per night","4.74 out of 5 average rating,  65 reviews4.74 (65)"
181,Flat in Bengaluru,"₹4,227 night₹4,227 per night","4.92 out of 5 average rating,  25 reviews4.92 (25)"
182,Villa in Bangalore,"₹18,020 night₹18,020 per night","4.86 out of 5 average rating,  44 reviews4.86 (44)"
183,Apartment in Nagareshwara - Nagenahalli,"₹2,686 night₹2,686 per night","4.79 out of 5 average rating,  129 reviews4.79 (129)"
184,Room in Bengaluru,"₹1,516 ₹1,133 night₹1,133 per night, originally ₹1,516 ","4.63 out of 5 average rating,  56 reviews4.63 (56)"
185,Apartment in Bangalore,"₹2,095 ₹1,291 night₹1,291 per night, originally ₹2,095","4.92 out of 5 average rating,  105 reviews4.92 (105)"
186,Flat in Bengaluru,"₹3,072 night₹3,072 per night","4.89 out of 5 average rating,  37 reviews4.89 (37)"
187,Flat in Bengaluru,"₹2,647 night₹2,647 per night","4.91 out of 5 average rating,  46 reviews4.91 (46)"
188,Apartment in Bengaluru,"₹1,813 night₹1,813 per night","5.0 out of 5 average rating,  20 reviews5.0 (20)"
189,Flat in Bengaluru,"₹1,563 ₹1,283 night₹1,283 per night, originally ₹1,563 ",New place to stayNew
190,Flat in Bengaluru,"₹1,563 ₹1,283 night₹1,283 per night, originally ₹1,563 ",New place to stayNew
191,Flat in Bengaluru,"₹1,140 night₹1,140 per night",New place to stayNew
192,Cabin in Bengaluru,"₹1,369 night₹1,369 per night","4.83 out of 5 average rating,  24 reviews4.83 (24)"
193,Apartment in Bengaluru,"₹1,482 night₹1,482 per night","5.0 out of 5 average rating,  30 reviews5.0 (30)"
194,Apartment in Bengaluru,"₹10,158 ₹9,258 night₹9,258 per night, originally ₹10,158","4.95 out of 5 average rating,  20 reviews4.95 (20)"
195,Home in Bengaluru,"₹2,915 ₹2,666 night₹2,666 per night, originally ₹2,915 ","4.95 out of 5 average rating,  19 reviews4.95 (19)"
196,Home in Bagaluru,"₹1,007 ₹827 night₹827 per night, originally ₹1,007 ",New place to stayNew
197,Place to stay in Bengaluru,"₹1,336 ₹1,096 night₹1,096 per night, originally ₹1,336 ",New place to stayNew
198,Home in Bengaluru,"₹2,915 ₹2,666 night₹2,666 per night, originally ₹2,915","4.95 out of 5 average rating,  19 reviews4.95 (19)"
199,Home in Bagaluru,"₹1,007 ₹827 night₹827 per night, originally ₹1,007",New place to stayNew
200,Flat in Bengaluru,"₹1,385 night₹1,385 per night","4.84 out of 5 average rating,  19 reviews4.84 (19)"
201,Flat in Bengaluru,"₹3,652 night₹3,652 per night","5.0 out of 5 average rating,  38 reviews5.0 (38)"
202,Farm stay in Bengaluru,"₹7,418 night₹7,418 per night","4.86 out of 5 average rating,  29 reviews4.86 (29)"
203,Flat in Bengaluru,"₹3,994 night₹3,994 per night","4.85 out of 5 average rating,  189 reviews4.85 (189)"
204,Home in Bengaluru,"₹1,331 night₹1,331 per night","5.0 out of 5 average rating,  3 reviews5.0 (3)"
205,Place to stay in Bengaluru,"₹1,363 night₹1,363 per night","4.99 out of 5 average rating,  123 reviews4.99 (123)"
206,Flat in Geddalahalli,"₹3,398 night₹3,398 per night","4.45 out of 5 average rating,  154 reviews4.45 (154)"
207,Home in Bengaluru,"₹1,597 night₹1,597 per night","4.9 out of 5 average rating,  120 reviews4.9 (120)"
208,Home in Bengaluru,"₹13,727 night₹13,727 per night","5.0 out of 5 average rating,  8 reviews5.0 (8)"
209,Flat in Bengaluru,"₹1,421 night₹1,421 per night","4.89 out of 5 average rating,  18 reviews4.89 (18)"
210,Flat in Bengaluru,"₹1,602 night₹1,602 per night",New place to stayNew
211,Flat in Bengaluru,"₹1,140 night₹1,140 per night",New place to stayNew
212,Flat in Bengaluru,"₹1,849 night₹1,849 per night","4.81 out of 5 average rating,  54 reviews4.81 (54)"
213,Flat in Bengaluru,"₹1,779 night₹1,779 per night","4.76 out of 5 average rating,  29 reviews4.76 (29)"
214,Flat in Kasavanahalli,"₹3,821 ₹3,424 night₹3,424 per night, originally ₹3,821","4.82 out of 5 average rating,  11 reviews4.82 (11)"
215,Home in Bengaluru,"₹2,200 night₹2,200 per night","4.96 out of 5 average rating,  25 reviews4.96 (25)"
216,Flat in Bengaluru,"₹1,563 ₹1,283 night₹1,283 per night, originally ₹1,563",New place to stayNew
217,Apartment in Bengaluru,"₹1,883 night₹1,883 per night","5.0 out of 5 average rating,  3 reviews5.0 (3)"
218,Room in Bengaluru,"₹1,255 night₹1,255 per night",
219,Flat in Bengaluru,"₹7,124 ₹6,101 night₹6,101 per night, originally ₹7,124","4.86 out of 5 average rating,  28 reviews4.86 (28)"
220,Resort in Belathur,"₹4,579 night₹4,579 per night","5.0 out of 5 average rating,  19 reviews5.0 (19)"
221,Villa in Bengaluru,"₹24,742 ₹19,731 night₹19,731 per night, originally ₹24,742","4.87 out of 5 average rating,  15 reviews4.87 (15)"
222,Apartment in Bangalore,"₹3,994 night₹3,994 per night","4.9 out of 5 average rating,  89 reviews4.9 (89)"
223,Flat in Bengaluru,"₹4,569 night₹4,569 per night","4.45 out of 5 average rating,  65 reviews4.45 (65)"
224,Home in Bengaluru,"₹1,392 night₹1,392 per night","5.0 out of 5 average rating,  8 reviews5.0 (8)"
225,Room in Bengaluru,"₹1,198 night₹1,198 per night","4.94 out of 5 average rating,  86 reviews4.94 (86)"
226,Flat in Bengaluru,"₹3,780 night₹3,780 per night","5.0 out of 5 average rating,  5 reviews5.0 (5)"
227,Home in Bengaluru,"₹2,786 ₹1,943 night₹1,943 per night, originally ₹2,786 ","4.93 out of 5 average rating,  14 reviews4.93 (14)"
228,Home in Bengaluru,"₹2,281 night₹2,281 per night",New place to stayNew
229,Apartment in Bengaluru,"₹3,270 ₹2,803 night₹2,803 per night, originally ₹3,270 ","4.95 out of 5 average rating,  19 reviews4.95 (19)"
230,Flat in Bengaluru,"₹2,057 night₹2,057 per night","4.81 out of 5 average rating,  21 reviews4.81 (21)"
231,Place to stay in Bengaluru,"₹1,341 night₹1,341 per night","4.96 out of 5 average rating,  27 reviews4.96 (27)"
232,Farm stay in Marsur,"₹9,700 night₹9,700 per night","4.86 out of 5 average rating,  91 reviews4.86 (91)"
233,Flat in Bengaluru,"₹1,538 ₹1,332 night₹1,332 per night, originally ₹1,538","4.87 out of 5 average rating,  15 reviews4.87 (15)"
234,Flat in Bengaluru,"₹1,538 ₹1,332 night₹1,332 per night, originally ₹1,538","4.87 out of 5 average rating,  15 reviews4.87 (15)"
235,Flat in Bengaluru,"₹6,178 ₹3,645 night₹3,645 per night, originally ₹6,178","4.71 out of 5 average rating,  17 reviews4.71 (17)"
236,Flat in Bengaluru,"₹2,399 night₹2,399 per night","4.82 out of 5 average rating,  60 reviews4.82 (60)"
237,Flat in Bagaluru,"₹2,693 night₹2,693 per night","4.93 out of 5 average rating,  15 reviews4.93 (15)"
238,Home in Bengaluru,"₹4,358 night₹4,358 per night","4.93 out of 5 average rating,  30 reviews4.93 (30)"
239,Apartment in Bengaluru,"₹1,252 night₹1,252 per night","4.68 out of 5 average rating,  63 reviews4.68 (63)"
240,Apartment in Bengaluru,"₹1,612 night₹1,612 per night","4.72 out of 5 average rating,  203 reviews4.72 (203)"
241,Flat in Bengaluru,"₹2,739 night₹2,739 per night","4.95 out of 5 average rating,  19 reviews4.95 (19)"
242,Home in Bengaluru,"₹1,369 night₹1,369 per night","5.0 out of 5 average rating,  20 reviews5.0 (20)"
243,Flat in Bengaluru,"₹2,643 night₹2,643 per night","5.0 out of 5 average rating,  6 reviews5.0 (6)"
244,Room in Bengaluru,"₹1,113 night₹1,113 per night","4.85 out of 5 average rating,  137 reviews4.85 (137)"
245,Apartment in Bengaluru,"₹2,381 night₹2,381 per night","4.67 out of 5 average rating,  3 reviews4.67 (3)"
246,Home in Bengaluru,"₹1,439 night₹1,439 per night","4.85 out of 5 average rating,  82 reviews4.85 (82)"
247,Apartment in Bengaluru,"₹5,256 night₹5,256 per night","5.0 out of 5 average rating,  10 reviews5.0 (10)"
248,Flat in Bengaluru,"₹1,368 night₹1,368 per night","4.86 out of 5 average rating,  36 reviews4.86 (36)"
249,Home in Bengaluru,"₹1,326 ₹1,148 night₹1,148 per night, originally ₹1,326","4.63 out of 5 average rating,  8 reviews4.63 (8)"
250,Flat in Bengaluru,"₹3,214 ₹2,867 night₹2,867 per night, originally ₹3,214","4.92 out of 5 average rating,  52 reviews4.92 (52)"
251,Flat in Bengaluru,"₹1,140 night₹1,140 per night","4.65 out of 5 average rating,  17 reviews4.65 (17)"
252,Townhouse in Bengaluru,"₹1,875 ₹1,710 night₹1,710 per night, originally ₹1,875","4.86 out of 5 average rating,  35 reviews4.86 (35)"
253,Apartment in Bengaluru,"₹3,762 ₹3,362 night₹3,362 per night, originally ₹3,762","5.0 out of 5 average rating,  25 reviews5.0 (25)"
254,Flat in Bengaluru,"₹1,496 night₹1,496 per night","4.83 out of 5 average rating,  18 reviews4.83 (18)"
255,Home in Bengaluru,"₹3,445 night₹3,445 per night","5.0 out of 5 average rating,  6 reviews5.0 (6)"
256,Apartment in Bengaluru,"₹13,694 night₹13,694 per night","4.95 out of 5 average rating,  19 reviews4.95 (19)"
257,Flat in Bengaluru,"₹4,880 ₹4,395 night₹4,395 per night, originally ₹4,880","4.95 out of 5 average rating,  80 reviews4.95 (80)"
258,Room in Bengaluru,"₹1,897 night₹1,897 per night","4.88 out of 5 average rating,  34 reviews4.88 (34)"
259,Flat in Bengaluru,"₹5,020 night₹5,020 per night","4.95 out of 5 average rating,  44 reviews4.95 (44)"
260,Flat in Bengaluru,"₹1,257 night₹1,257 per night","4.89 out of 5 average rating,  37 reviews4.89 (37)"
261,Apartment in Bengaluru,"₹2,100 night₹2,100 per night","4.76 out of 5 average rating,  149 reviews4.76 (149)"
262,Flat in Bengaluru,"₹4,146 night₹4,146 per night","4.8 out of 5 average rating,  76 reviews4.8 (76)"
263,Flat in Bengaluru,"₹1,280 night₹1,280 per night","4.73 out of 5 average rating,  52 reviews4.73 (52)"
264,Flat in Bengaluru,"₹2,669 night₹2,669 per night","5.0 out of 5 average rating,  4 reviews5.0 (4)"
265,Home in Bengaluru,"₹4,752 night₹4,752 per night","4.8 out of 5 average rating,  41 reviews4.8 (41)"
266,Flat in Bangalore,"₹1,986 night₹1,986 per night","4.87 out of 5 average rating,  15 reviews4.87 (15)"
267,Place to stay in Bengaluru,"₹3,925 ₹3,577 night₹3,577 per night, originally ₹3,925","4.82 out of 5 average rating,  113 reviews4.82 (113)"
268,Home in Bengaluru,"₹5,706 night₹5,706 per night","5.0 out of 5 average rating,  6 reviews5.0 (6)"
269,Home in Bengaluru,"₹1,078 night₹1,078 per night","4.76 out of 5 average rating,  25 reviews4.76 (25)"
